,PassengerID,PClass,Age,Sex,Survived,SexCode,Group
0,1,1,29,1,1,1,3
1,2,1,2,1,0,1,1
2,3,1,30,0,0,0,4
3,4,1,25,1,0,1,3
4,5,1,0,0,1,0,1
5,6,1,47,0,1,0,5
6,7,1,63,1,1,1,7
7,8,1,39,0,0,0,4
8,9,1,58,1,1,1,6
9,10,1,71,0,0,0,8
10,11,1,47,0,0,0,5
11,12,1,19,1,1,1,2
12,13,1,0,1,1,1,1
13,14,1,0,0,1,0,1
14,15,1,0,0,0,0,1
15,16,1,50,1,1,1,6
16,17,1,24,0,0,0,3
17,18,1,36,0,0,0,4
18,19,1,37,0,1,0,4
19,20,1,47,1,1,1,5
20,21,1,26,0,1,0,3
21,22,1,25,0,0,0,3
22,23,1,25,0,1,0,3
23,24,1,19,1,1,1,2
24,25,1,28,0,1,0,3
25,26,1,45,0,0,0,5
26,27,1,39,0,1,0,4
27,28,1,30,1,1,1,4
28,29,1,58,1,1,1,6
29,30,1,0,0,0,0,1
30,31,1,45,1,1,1,5
31,32,1,22,1,1,1,3
32,33,1,0,0,1,0,1
33,34,1,41,0,0,0,5
34,35,1,48,0,0,0,5
35,36,1,0,0,0,0,1
36,37,1,44,1,1,1,5
37,38,1,59,1,1,1,6
38,39,1,60,1,1,1,7
39,40,1,45,0,0,0,5
40,41,1,0,0,1,0,1
41,42,1,53,1,1,1,6
42,43,1,58,1,1,1,6
43,44,1,36,0,1,0,4
44,45,1,33,0,0,0,4
45,46,1,0,0,0,0,1
46,47,1,0,0,0,0,1
47,48,1,36,0,1,0,4
48,49,1,36,1,1,1,4
49,50,1,14,1,1,1,2
50,51,1,11,0,1,0,2
51,52,1,49,0,0,0,5
52,53,1,0,1,1,1,1
53,54,1,36,0,0,0,4
54,55,1,0,1,1,1,1
55,56,1,46,0,0,0,5
56,57,1,47,1,1,1,5
57,58,1,27,0,1,0,3
58,59,1,31,1,1,1,4
59,60,1,0,1,1,1,1
60,61,1,0,0,1,0,1
61,62,1,0,1,1,1,1
62,63,1,0,0,0,0,1
63,64,1,27,0,0,0,3
64,65,1,26,1,1,1,3
65,66,1,0,0,0,0,1
66,67,1,0,0,0,0,1
67,68,1,64,1,1,1,7
68,69,1,37,0,0,0,4
69,70,1,39,1,1,1,4
70,71,1,55,1,1,1,6
71,72,1,0,0,0,0,1
72,73,1,70,0,0,0,8
73,74,1,69,1,1,1,7
74,75,1,36,1,1,1,4
75,76,1,39,0,0,0,4
76,77,1,38,1,1,1,4
77,78,1,0,0,1,0,1
78,79,1,27,0,1,0,3
79,80,1,31,0,0,0,4
80,81,1,27,1,1,1,3
81,82,1,0,1,1,1,1
82,83,1,31,0,1,0,4
83,84,1,17,1,1,1,2
84,85,1,0,0,1,0,1
85,86,1,0,1,1,1,1
86,87,1,4,0,1,0,1
87,88,1,27,1,1,1,3
88,89,1,50,0,0,0,6
89,90,1,48,1,1,1,5
90,91,1,49,0,1,0,5
91,92,1,48,1,1,1,5
92,93,1,39,0,0,0,4
93,94,1,23,1,1,1,3
94,95,1,53,1,1,1,6
95,96,1,36,1,0,1,4
96,97,1,0,1,1,1,1
97,98,1,0,0,1,0,1
98,99,1,30,0,0,0,4
99,100,1,24,1,1,1,3
100,101,1,19,0,0,0,2
101,102,1,28,1,1,1,3
102,103,1,23,1,1,1,3
103,104,1,64,0,0,0,7
104,105,1,60,1,1,1,7
105,106,1,0,0,0,0,1
106,107,1,49,0,1,0,5
107,108,1,0,1,1,1,1
108,109,1,44,0,1,0,5
109,110,1,22,1,1,1,3
110,111,1,60,0,1,0,7
111,112,1,48,1,1,1,5
112,113,1,37,0,0,0,4
113,114,1,35,1,1,1,4
114,115,1,47,0,0,0,5
115,116,1,22,1,1,1,3
116,117,1,45,1,1,1,5
117,118,1,49,0,1,0,5
118,119,1,0,1,1,1,1
119,120,1,71,0,0,0,8
120,121,1,54,0,1,0,6
121,122,1,38,0,0,0,4
122,123,1,19,1,1,1,2
123,124,1,58,1,1,1,6
124,125,1,45,1,1,1,5
125,126,1,23,0,1,0,3
126,127,1,46,0,0,0,5
127,128,1,25,0,1,0,3
128,129,1,21,1,1,1,3
129,130,1,48,0,1,0,5
130,131,1,49,1,1,1,5
131,132,1,45,0,0,0,5
132,133,1,36,1,1,1,4
133,134,1,0,0,1,0,1
134,135,1,55,0,0,0,6
135,136,1,52,1,1,1,6
136,137,1,24,1,1,1,3
137,138,1,0,0,0,0,1
138,139,1,0,0,0,0,1
139,140,1,0,0,0,0,1
140,141,1,16,1,1,1,2
141,142,1,44,1,1,1,5
142,143,1,51,1,1,1,6
143,144,1,42,0,0,0,5
144,145,1,35,1,1,1,4
145,146,1,35,0,1,0,4
146,147,1,38,0,1,0,4
147,148,1,35,1,1,1,4
148,149,1,0,0,0,0,1
149,150,1,50,1,0,1,6
150,151,1,49,0,1,0,5
151,152,1,46,0,0,0,5
152,153,1,0,0,0,0,1
153,154,1,58,0,0,0,6
154,155,1,41,0,0,0,5
155,156,1,0,1,1,1,1
156,157,1,42,0,1,0,5
157,158,1,40,1,1,1,5
158,159,1,0,0,0,0,1
159,160,1,0,1,1,1,1
160,161,1,0,0,0,0,1
161,162,1,42,0,0,0,5
162,163,1,55,1,1,1,6
163,164,1,50,1,1,1,6
164,165,1,16,1,1,1,2
165,166,1,0,0,0,0,1
166,167,1,29,0,0,0,3
167,168,1,21,1,1,1,3
168,169,1,30,0,0,0,4
169,170,1,15,1,1,1,2
170,171,1,30,0,0,0,4
171,172,1,0,0,1,0,1
172,173,1,0,0,0,0,1
173,174,1,0,1,1,1,1
174,175,1,46,0,0,0,5
175,176,1,54,0,0,0,6
176,177,1,36,0,1,0,4
177,178,1,28,0,0,0,3
178,179,1,0,1,1,1,1
179,180,1,65,0,0,0,7
180,181,1,33,1,1,1,4
181,182,1,44,0,0,0,5
182,183,1,37,1,1,1,4
183,184,1,0,0,1,0,1
184,185,1,55,0,0,0,6
185,186,1,47,0,0,0,5
186,187,1,36,0,0,0,4
187,188,1,58,0,0,0,6
188,189,1,31,1,1,1,4
189,190,1,23,1,1,1,3
190,191,1,19,1,1,1,2
191,192,1,64,0,0,0,7
192,193,1,0,0,1,0,1
193,194,1,64,0,0,0,7
194,195,1,22,1,1,1,3
195,196,1,28,0,0,0,3
196,197,1,0,0,0,0,1
197,198,1,0,0,0,0,1
198,199,1,22,0,0,0,3
199,200,1,0,0,0,0,1
200,201,1,0,1,1,1,1
201,202,1,18,0,0,0,2
202,203,1,17,1,1,1,2
203,204,1,52,0,1,0,6
204,205,1,46,0,0,0,5
205,206,1,56,1,1,1,6
206,207,1,0,0,0,0,1
207,208,1,0,0,1,0,1
208,209,1,43,1,1,1,5
209,210,1,31,0,0,0,4
210,211,1,0,0,1,0,1
211,212,1,0,0,0,0,1
212,213,1,33,1,1,1,4
213,214,1,0,0,0,0,1
214,215,1,27,1,1,1,3
215,216,1,55,0,0,0,6
216,217,1,54,1,1,1,6
217,218,1,0,0,0,0,1
218,219,1,61,0,0,0,7
219,220,1,48,1,1,1,5
220,221,1,18,1,1,1,2
221,222,1,13,0,1,0,2
222,223,1,21,1,1,1,3
223,224,1,0,0,1,0,1
224,225,1,0,0,1,0,1
225,226,1,0,1,1,1,1
226,227,1,34,0,1,0,4
227,228,1,40,1,1,1,5
228,229,1,36,0,1,0,4
229,230,1,50,0,0,0,6
230,231,1,39,1,1,1,4
231,232,1,56,0,1,0,6
232,233,1,28,0,1,0,3
233,234,1,56,0,0,0,6
234,235,1,56,0,0,0,6
235,236,1,24,0,0,0,3
236,237,1,18,1,1,1,2
237,238,1,0,0,0,0,1
238,239,1,24,0,1,0,3
239,240,1,23,1,1,1,3
240,241,1,45,0,1,0,5
241,242,1,40,1,1,1,5
242,243,1,6,0,1,0,1
243,244,1,57,0,0,0,6
244,245,1,0,1,1,1,1
245,246,1,32,0,1,0,4
246,247,1,62,0,0,0,7
247,248,1,54,0,1,0,6
248,249,1,43,1,1,1,5
249,250,1,52,1,1,1,6
250,251,1,0,0,0,0,1
251,252,1,62,1,1,1,7
252,253,1,67,0,0,0,7
253,254,1,63,1,0,1,7
254,255,1,61,0,0,0,7
255,256,1,46,1,1,1,5
256,257,1,52,0,0,0,6
257,258,1,39,1,1,1,4
258,259,1,18,1,1,1,2
259,260,1,48,0,1,0,5
260,261,1,0,1,1,1,1
261,262,1,49,0,0,0,5
262,263,1,39,1,1,1,4
263,264,1,17,0,1,0,2
264,265,1,46,0,0,0,5
265,266,1,0,1,1,1,1
266,267,1,31,0,1,0,4
267,268,1,0,0,0,0,1
268,269,1,61,0,0,0,7
269,270,1,47,0,0,0,5
270,271,1,64,0,0,0,7
271,272,1,60,1,1,1,7
272,273,1,60,0,0,0,7
273,274,1,55,1,1,1,6
274,275,1,54,0,0,0,6
275,276,1,21,0,0,0,3
276,277,1,57,0,0,0,6
277,278,1,45,1,1,1,5
278,279,1,31,1,1,1,4
279,280,1,50,0,0,0,6
280,281,1,50,1,1,1,6
281,282,1,27,0,0,0,3
282,283,1,20,1,1,1,3
283,284,1,51,0,0,0,6
284,285,1,0,0,0,0,1
285,286,1,21,0,1,0,3
286,287,1,0,0,1,0,1
287,288,1,0,0,0,0,1
288,289,1,36,1,1,1,4
289,290,1,0,1,1,1,1
290,291,1,0,1,1,1,1
291,292,1,0,1,1,1,1
292,293,1,0,1,1,1,1
293,294,1,0,1,1,1,1
294,295,1,0,1,1,1,1
295,296,1,0,1,1,1,1
296,297,1,0,1,1,1,1
297,298,1,0,1,1,1,1
298,299,1,0,1,1,1,1
299,300,1,0,0,0,0,1
300,301,1,0,1,0,1,1
301,302,1,0,1,1,1,1
302,303,1,0,0,0,0,1
303,304,1,0,1,1,1,1
304,305,1,0,0,0,0,1
305,306,1,0,0,0,0,1
306,307,1,40,0,0,0,5
307,308,1,0,0,0,0,1
308,309,1,0,1,1,1,1
309,310,1,32,0,0,0,4
310,311,1,0,1,1,1,1
311,312,1,0,1,1,1,1
312,313,1,0,0,0,0,1
313,314,1,0,1,1,1,1
314,315,1,0,1,0,1,1
315,316,1,0,1,1,1,1
316,317,1,33,0,0,0,4
317,318,1,0,0,0,0,1
318,319,1,0,1,1,1,1
319,320,1,0,1,0,1,1
320,321,1,0,1,0,1,1
321,322,1,0,1,1,1,1
322,323,2,30,0,0,0,4
323,324,2,28,1,1,1,3
324,325,2,18,0,0,0,2
325,326,2,0,0,0,0,1
326,327,2,34,0,0,0,4
327,328,2,32,1,1,1,4
328,329,2,57,0,0,0,6
329,330,2,18,0,0,0,2
330,331,2,23,0,0,0,3
331,332,2,36,1,1,1,4
332,333,2,28,0,0,0,3
333,334,2,51,0,0,0,6
334,335,2,32,0,1,0,4
335,336,2,19,1,1,1,2
336,337,2,28,0,0,0,3
337,338,2,36,1,1,1,4
338,339,2,4,1,1,1,1
339,340,2,1,0,1,0,1
340,341,2,12,1,1,1,2
341,342,2,34,0,1,0,4
342,343,2,19,1,1,1,2
343,344,2,23,0,0,0,3
344,345,2,26,0,0,0,3
345,346,2,0,0,0,0,1
346,347,2,27,0,0,0,3
347,348,2,15,1,1,1,2
348,349,2,45,0,0,0,5
349,350,2,40,1,1,1,5
350,351,2,20,1,1,1,3
351,352,2,25,0,0,0,3
352,353,2,36,1,1,1,4
353,354,2,25,0,0,0,3
354,355,2,0,0,0,0,1
355,356,2,42,1,1,1,5
356,357,2,26,0,1,0,3
357,358,2,26,1,1,1,3
358,359,2,0,0,1,0,1
359,360,2,31,1,1,1,4
360,361,2,0,0,0,0,1
361,362,2,19,0,0,0,2
362,363,2,54,0,0,0,6
363,364,2,44,1,0,1,5
364,365,2,52,0,0,0,6
365,366,2,30,0,0,0,4
366,367,2,30,1,0,1,4
367,368,2,0,1,1,1,1
368,369,2,0,1,1,1,1
369,370,2,29,0,0,0,3
370,371,2,0,1,1,1,1
371,372,2,29,0,0,0,3
372,373,2,27,0,0,0,3
373,374,2,24,0,1,0,3
374,375,2,35,0,0,0,4
375,376,2,31,1,1,1,4
376,377,2,8,1,1,1,1
377,378,2,22,1,0,1,3
378,379,2,30,1,0,1,4
379,380,2,0,1,0,1,1
380,381,2,20,0,0,0,3
381,382,2,0,0,0,0,1
382,383,2,21,0,0,0,3
383,384,2,49,1,1,1,5
384,385,2,8,0,1,0,1
385,386,2,28,1,1,1,3
386,387,2,18,0,0,0,2
387,388,2,0,0,0,0,1
388,389,2,28,0,0,0,3
389,390,2,22,1,1,1,3
390,391,2,25,0,0,0,3
391,392,2,18,0,0,0,2
392,393,2,32,1,1,1,4
393,394,2,18,1,1,1,2
394,395,2,0,0,0,0,1
395,396,2,42,0,0,0,5
396,397,2,34,1,1,1,4
397,398,2,8,0,1,0,1
398,399,2,0,1,1,1,1
399,400,2,0,1,1,1,1
400,401,2,23,0,0,0,3
401,402,2,21,0,0,0,3
402,403,2,19,0,0,0,2
403,404,2,0,0,0,0,1
404,405,2,0,1,1,1,1
405,406,2,0,0,0,0,1
406,407,2,38,0,0,0,4
407,408,2,0,0,0,0,1
408,409,2,38,1,0,1,4
409,410,2,35,0,0,0,4
410,411,2,35,0,0,0,4
411,412,2,38,0,0,0,4
412,413,2,24,1,1,1,3
413,414,2,16,0,0,0,2
414,415,2,26,0,0,0,3
415,416,2,45,0,0,0,5
416,417,2,24,0,0,0,3
417,418,2,21,0,0,0,3
418,419,2,22,0,0,0,3
419,420,2,0,0,0,0,1
420,421,2,34,0,0,0,4
421,422,2,30,0,0,0,4
422,423,2,50,0,0,0,6
423,424,2,30,0,0,0,4
424,425,2,23,1,1,1,3
425,426,2,1,0,1,0,1
426,427,2,44,0,0,0,5
427,428,2,28,0,0,0,3
428,429,2,6,1,1,1,1
429,430,2,30,0,1,0,4
430,431,2,0,0,0,0,1
431,432,2,43,0,0,0,5
432,433,2,45,1,1,1,5
433,434,2,7,1,1,1,1
434,435,2,24,1,1,1,3
435,436,2,24,1,1,1,3
436,437,2,49,0,0,0,5
437,438,2,48,1,1,1,5
438,439,2,0,1,1,1,1
439,440,2,34,0,0,0,4
440,441,2,32,0,0,0,4
441,442,2,21,0,0,0,3
442,443,2,18,1,0,1,2
443,444,2,53,1,1,1,6
444,445,2,23,0,0,0,3
445,446,2,21,1,1,1,3
446,447,2,0,0,0,0,1
447,448,2,52,0,0,0,6
448,449,2,42,0,0,0,5
449,450,2,36,1,1,1,4
450,451,2,21,0,0,0,3
451,452,2,41,0,1,0,5
452,453,2,0,0,0,0,1
453,454,2,0,1,0,1,1
454,455,2,33,0,0,0,4
455,456,2,17,1,1,1,2
456,457,0,0,0,0,0,1
457,458,2,0,1,1,1,1
458,459,2,0,0,0,0,1
459,460,2,0,0,0,0,1
460,461,2,0,0,0,0,1
461,462,2,0,0,0,0,1
462,463,2,23,1,1,1,3
463,464,2,34,0,0,0,4
464,465,2,0,1,1,1,1
465,466,2,22,1,0,1,3
466,467,2,0,0,0,0,1
467,468,2,0,1,1,1,1
468,469,2,45,1,1,1,5
469,470,2,0,0,0,0,1
470,471,2,0,0,0,0,1
471,472,2,31,0,0,0,4
472,473,2,30,0,0,0,4
473,474,2,26,1,0,1,3
474,475,2,0,0,0,0,1
475,476,2,34,1,1,1,4
476,477,2,26,0,0,0,3
477,478,2,22,1,1,1,3
478,479,2,1,1,1,1,1
479,480,2,3,1,1,1,1
480,481,2,0,1,1,1,1
481,482,2,0,1,1,1,1
482,483,2,0,0,0,0,1
483,484,2,25,0,0,0,3
484,485,2,0,0,0,0,1
485,486,2,48,0,0,0,5
486,487,2,0,1,1,1,1
487,488,2,57,1,0,1,6
488,489,2,0,0,0,0,1
489,490,2,0,0,0,0,1
490,491,2,0,1,1,1,1
491,492,2,2,0,1,0,1
492,493,2,0,0,0,0,1
493,494,2,27,0,0,0,3
494,495,2,19,1,1,1,2
495,496,2,30,0,0,0,4
496,497,2,20,0,0,0,3
497,498,2,45,0,0,0,5
498,499,2,0,0,0,0,1
499,500,2,46,0,0,0,5
500,501,2,41,1,1,1,5
501,502,2,13,1,1,1,2
502,503,2,19,0,1,0,2
503,504,2,30,0,0,0,4
504,505,2,48,0,0,0,5
505,506,2,71,0,0,0,8
506,507,2,54,0,0,0,6
507,508,2,0,0,0,0,1
508,509,2,0,0,0,0,1
509,510,2,64,0,0,0,7
510,511,2,32,0,0,0,4
511,512,2,18,1,1,1,2
512,513,2,2,0,1,0,1
513,514,2,32,0,0,0,4
514,515,2,3,0,1,0,1
515,516,2,26,0,0,0,3
516,517,2,19,0,0,0,2
517,518,2,0,0,0,0,1
518,519,2,20,0,1,0,3
519,520,2,29,1,1,1,3
520,521,2,39,0,0,0,4
521,522,2,22,0,1,0,3
522,523,2,0,0,1,0,1
523,524,2,24,0,0,0,3
524,525,2,0,0,1,0,1
525,526,2,28,0,0,0,3
526,527,2,0,0,0,0,1
527,528,2,50,1,1,1,6
528,529,2,20,0,0,0,3
529,530,2,40,0,0,0,5
530,531,2,42,1,1,1,5
531,532,2,21,0,0,0,3
532,533,2,32,1,1,1,4
533,534,2,34,0,0,0,4
534,535,2,0,0,1,0,1
535,536,2,0,0,0,0,1
536,537,2,33,1,1,1,4
537,538,2,2,1,1,1,1
538,539,2,8,1,1,1,1
539,540,2,36,0,0,0,4
540,541,2,34,0,0,0,4
541,542,2,30,1,1,1,4
542,543,2,28,1,1,1,3
543,544,2,23,0,0,0,3
544,545,2,0,0,1,0,1
545,546,2,25,1,1,1,3
546,547,2,3,0,1,0,1
547,548,2,50,1,1,1,6
548,549,2,0,0,0,0,1
549,550,2,21,1,1,1,3
550,551,2,0,0,0,0,1
551,552,2,0,0,0,0,1
552,553,2,25,1,1,1,3
553,554,2,18,1,1,1,2
554,555,2,20,1,1,1,3
555,556,2,30,1,1,1,4
556,557,2,59,0,0,0,6
557,558,2,30,1,1,1,4
558,559,2,35,0,0,0,4
559,560,2,22,0,0,0,3
560,561,2,0,1,1,1,1
561,562,2,25,0,0,0,3
562,563,2,41,0,0,0,5
563,564,2,25,0,0,0,3
564,565,2,14,0,0,0,2
565,566,2,50,1,1,1,6
566,567,2,22,0,0,0,3
567,568,2,0,1,1,1,1
568,569,2,27,1,1,1,3
569,570,2,29,0,0,0,3
570,571,2,27,1,0,1,3
571,572,2,30,0,0,0,4
572,573,2,22,0,0,0,3
573,574,2,35,1,1,1,4
574,575,2,30,0,0,0,4
575,576,2,28,1,1,1,3
576,577,2,23,0,0,0,3
577,578,2,0,0,0,0,1
578,579,2,12,1,1,1,2
579,580,2,40,1,1,1,5
580,581,2,36,1,1,1,4
581,582,2,28,0,0,0,3
582,583,2,32,1,1,1,4
583,584,2,29,1,1,1,3
584,585,2,4,1,1,1,1
585,586,2,2,0,1,0,1
586,587,2,0,1,1,1,1
587,588,2,0,1,1,1,1
588,589,2,36,0,0,0,4
589,590,2,33,1,1,1,4
590,591,2,0,0,0,0,1
591,592,2,0,0,0,0,1
592,593,2,0,0,0,0,1
593,594,2,32,0,1,0,4
594,595,2,0,1,1,1,1
595,596,2,0,0,1,0,1
596,597,2,26,1,1,1,3
597,598,2,0,1,0,1,1
598,599,2,30,0,0,0,4
599,600,2,24,1,1,1,3
600,601,2,0,0,0,0,1
601,602,2,18,0,0,0,2
602,603,3,42,0,0,0,5
603,604,3,13,0,0,0,2
604,605,3,16,0,0,0,2
605,606,3,35,1,1,1,4
606,607,3,16,1,1,1,2
607,608,3,25,0,1,0,3
608,609,3,18,1,1,1,2
609,610,3,20,0,1,0,3
610,611,3,30,0,0,0,4
611,612,3,26,0,0,0,3
612,613,3,40,1,0,1,5
613,614,3,24,0,0,0,3
614,615,3,41,0,0,0,5
615,616,3,18,1,1,1,2
616,617,3,0,0,1,0,1
617,618,3,23,0,0,0,3
618,619,3,20,0,0,0,3
619,620,3,25,0,0,0,3
620,621,3,35,0,0,0,4
621,622,3,17,0,0,0,2
622,623,3,32,0,0,0,4
623,624,3,20,0,0,0,3
624,625,3,39,0,0,0,4
625,626,3,39,1,0,1,4
626,627,3,6,1,0,1,1
627,628,3,2,1,0,1,1
628,629,3,17,1,1,1,2
629,630,3,38,1,0,1,4
630,631,3,9,1,0,1,1
631,632,3,26,0,0,0,3
632,633,3,11,1,0,1,2
633,634,3,4,0,0,0,1
634,635,3,20,0,0,0,3
635,636,3,26,0,0,0,3
636,637,3,25,0,0,0,3
637,638,3,18,1,0,1,2
638,639,3,24,0,0,0,3
639,640,3,35,0,0,0,4
640,641,3,40,0,0,0,5
641,642,3,38,1,1,1,4
642,643,3,5,0,0,0,1
643,644,3,9,0,0,0,1
644,645,3,3,0,1,0,1
645,646,3,13,0,0,0,2
646,647,3,23,0,1,0,3
647,648,3,5,1,1,1,1
648,649,3,0,0,0,0,1
649,650,3,45,1,1,1,5
650,651,3,23,0,0,0,3
651,652,3,17,1,0,1,2
652,653,3,27,0,0,0,3
653,654,3,23,0,0,0,3
654,655,3,20,0,0,0,3
655,656,3,32,0,0,0,4
656,657,3,33,1,1,1,4
657,658,3,3,1,1,1,1
658,659,3,0,1,1,1,1
659,660,3,0,1,1,1,1
660,661,3,0,1,1,1,1
661,662,3,18,1,1,1,2
662,663,3,40,0,0,0,5
663,664,3,26,0,0,0,3
664,665,3,15,1,1,1,2
665,666,3,45,1,0,1,5
666,667,3,18,1,0,1,2
667,668,3,27,1,0,1,3
668,669,3,22,0,0,0,3
669,670,3,19,0,0,0,2
670,671,3,26,0,0,0,3
671,672,3,22,0,0,0,3
672,673,3,20,0,0,0,3
673,674,3,32,0,1,0,4
674,675,3,21,0,0,0,3
675,676,3,18,0,0,0,2
676,677,3,26,0,0,0,3
677,678,3,6,0,0,0,1
678,679,3,0,0,0,0,1
679,680,3,0,1,0,1,1
680,681,3,9,1,0,1,1
681,682,3,40,0,0,0,5
682,683,3,32,1,0,1,4
683,684,3,0,1,0,1,1
684,685,3,26,0,0,0,3
685,686,3,18,1,1,1,2
686,687,3,20,1,0,1,3
687,688,3,0,0,0,0,1
688,689,3,29,0,0,0,3
689,690,3,22,0,0,0,3
690,691,3,22,0,0,0,3
691,692,3,35,0,0,0,4
692,693,3,21,0,1,0,3
693,694,3,20,1,0,1,3
694,695,3,19,0,0,0,2
695,696,3,18,1,0,1,2
696,697,3,18,0,0,0,2
697,698,3,38,0,0,0,4
698,699,3,0,0,0,0,1
699,700,3,30,0,0,0,4
700,701,3,17,0,0,0,2
701,702,3,21,1,0,1,3
702,703,3,21,0,0,0,3
703,704,3,21,0,0,0,3
704,705,3,0,0,0,0,1
705,706,3,0,1,0,1,1
706,707,3,24,0,0,0,3
707,708,3,33,0,0,0,4
708,709,3,33,0,0,0,4
709,710,3,28,0,0,0,3
710,711,3,16,1,1,1,2
711,712,3,37,1,0,1,4
712,713,3,28,0,0,0,3
713,714,3,0,0,1,0,1
714,715,3,24,0,0,0,3
715,716,3,21,0,0,0,3
716,717,3,0,0,0,0,1
717,718,3,32,0,0,0,4
718,719,3,29,0,0,0,3
719,720,3,26,0,0,0,3
720,721,3,18,0,0,0,2
721,722,3,20,0,0,0,3
722,723,3,19,0,1,0,2
723,724,3,24,0,0,0,3
724,725,3,24,0,0,0,3
725,726,3,36,0,0,0,4
726,727,3,31,0,0,0,4
727,728,3,31,0,0,0,4
728,729,3,30,1,0,1,4
729,730,3,22,1,1,1,3
730,731,3,0,0,0,0,1
731,732,3,43,0,0,0,5
732,733,3,35,0,0,0,4
733,734,3,27,0,0,0,3
734,735,3,19,0,0,0,2
735,736,3,30,0,0,0,4
736,737,3,36,1,1,1,4
737,738,3,3,0,1,0,1
738,739,3,9,0,1,0,1
739,740,3,59,0,0,0,6
740,741,3,19,0,0,0,2
741,742,3,44,0,0,0,5
742,743,3,17,1,1,1,2
743,744,3,0,0,0,0,1
744,745,3,45,0,1,0,5
745,746,3,22,1,0,1,3
746,747,3,19,0,0,0,2
747,748,3,29,0,1,0,3
748,749,3,30,1,1,1,4
749,750,3,34,0,0,0,4
750,751,3,28,1,0,1,3
751,752,3,0,0,0,0,1
752,753,3,27,0,0,0,3
753,754,3,25,0,0,0,3
754,755,3,24,0,0,0,3
755,756,3,22,0,0,0,3
756,757,3,21,0,0,0,3
757,758,3,17,0,0,0,2
758,759,3,0,0,0,0,1
759,760,3,0,1,1,1,1
760,761,3,26,0,0,0,3
761,762,3,33,1,1,1,4
762,763,3,1,0,1,0,1
763,764,3,0,1,1,1,1
764,765,3,25,0,0,0,3
765,766,3,36,0,1,0,4
766,767,3,36,1,1,1,4
767,768,3,30,0,1,0,4
768,769,3,0,0,0,0,1
769,770,3,23,0,0,0,3
770,771,3,26,0,0,0,3
771,772,3,19,1,1,1,2
772,773,3,65,0,0,0,7
773,774,3,0,0,0,0,1
774,775,3,42,0,0,0,5
775,776,3,43,0,0,0,5
776,777,3,32,0,0,0,4
777,778,3,19,0,1,0,2
778,779,3,30,1,1,1,4
779,780,3,24,1,0,1,3
780,781,3,23,1,1,1,3
781,782,3,0,0,0,0,1
782,783,3,24,1,1,1,3
783,784,3,24,0,1,0,3
784,785,3,23,0,0,0,3
785,786,3,22,1,1,1,3
786,787,3,0,0,0,0,1
787,788,3,18,0,0,0,2
788,789,3,16,0,0,0,2
789,790,3,45,0,0,0,5
790,791,3,0,0,0,0,1
791,792,3,0,0,0,0,1
792,793,3,0,0,0,0,1
793,794,3,47,0,0,0,5
794,795,3,5,1,1,1,1
795,796,3,0,0,0,0,1
796,797,3,0,0,0,0,1
797,798,3,0,0,0,0,1
798,799,3,0,0,1,0,1
799,800,3,0,0,0,0,1
800,801,3,0,0,0,0,1
801,802,3,0,0,0,0,1
802,803,3,0,0,0,0,1
803,804,3,0,0,0,0,1
804,805,3,0,0,1,0,1
805,806,3,0,0,0,0,1
806,807,3,21,1,0,1,3
807,808,3,18,0,0,0,2
808,809,3,9,1,0,1,1
809,810,3,48,1,0,1,5
810,811,3,16,0,0,0,2
811,812,3,0,0,0,0,1
812,813,3,0,0,0,0,1
813,814,3,25,0,0,0,3
814,815,3,0,0,0,0,1
815,816,3,38,1,1,1,4
816,817,3,22,0,0,0,3
817,818,3,16,1,1,1,2
818,819,3,0,1,1,1,1
819,820,3,33,0,0,0,4
820,821,3,0,1,1,1,1
821,822,3,9,0,1,0,1
822,823,3,41,0,0,0,5
823,824,3,38,0,0,0,4
824,825,3,40,0,0,0,5
825,826,3,43,1,0,1,5
826,827,3,14,0,0,0,2
827,828,3,16,1,0,1,2
828,829,3,9,0,0,0,1
829,830,3,10,1,0,1,2
830,831,3,6,0,0,0,1
831,832,3,11,0,0,0,2
832,833,3,40,0,0,0,5
833,834,3,32,0,0,0,4
834,835,3,0,0,0,0,1
835,836,3,20,0,0,0,3
836,837,3,37,0,0,0,4
837,838,3,28,0,0,0,3
838,839,3,19,0,0,0,2
839,840,3,24,1,0,1,3
840,841,3,17,1,0,1,2
841,842,3,0,0,0,0,1
842,843,3,0,0,0,0,1
843,844,3,28,0,0,0,3
844,845,3,24,1,1,1,3
845,846,3,20,0,0,0,3
846,847,3,41,0,0,0,5
847,848,3,45,1,1,1,5
848,849,3,26,0,0,0,3
849,850,3,21,0,0,0,3
850,851,3,0,1,0,1,1
851,852,3,0,0,0,0,1
852,853,3,0,0,0,0,1
853,854,3,0,0,0,0,1
854,855,3,0,1,0,1,1
855,856,3,27,0,1,0,3
856,857,3,0,0,0,0,1
857,858,3,18,1,0,1,2
858,859,3,26,1,1,1,3
859,860,3,23,1,0,1,3
860,861,3,22,1,1,1,3
861,862,3,0,1,0,1,1
862,863,3,0,0,0,0,1
863,864,3,0,1,0,1,1
864,865,3,28,1,0,1,3
865,866,3,22,1,1,1,3
866,867,3,2,1,0,1,1
867,868,3,43,0,0,0,5
868,869,3,0,0,0,0,1
869,870,3,27,1,1,1,3
870,871,3,0,0,0,0,1
871,872,3,0,1,1,1,1
872,873,3,42,0,0,0,5
873,874,3,0,0,1,0,1
874,875,3,0,0,0,0,1
875,876,3,27,1,0,1,3
876,877,3,25,1,0,1,3
877,878,3,0,0,0,0,1
878,879,3,27,0,1,0,3
879,880,3,0,0,0,0,1
880,881,3,19,1,1,1,2
881,882,3,20,0,0,0,3
882,883,3,48,0,0,0,5
883,884,3,17,0,0,0,2
884,885,3,0,1,1,1,1
885,886,3,0,0,0,0,1
886,887,3,34,0,0,0,4
887,888,3,22,0,0,0,3
888,889,3,33,0,0,0,4
889,890,3,32,0,1,0,4
890,891,3,29,0,0,0,3
891,892,3,26,0,1,0,3
892,893,3,49,0,0,0,5
893,894,3,1,1,1,1,1
894,895,3,33,0,0,0,4
895,896,3,4,0,1,0,1
896,897,3,24,1,0,1,3
897,898,3,19,0,0,0,2
898,899,3,0,0,0,0,1
899,900,3,0,1,0,1,1
900,901,3,0,1,0,1,1
901,902,3,0,0,0,0,1
902,903,3,0,0,0,0,1
903,904,3,32,0,1,0,4
904,905,3,27,0,0,0,3
905,906,3,21,1,0,1,3
906,907,3,32,0,1,0,4
907,908,3,20,1,0,1,3
908,909,3,17,0,0,0,2
909,910,3,21,0,0,0,3
910,911,3,30,0,0,0,4
911,912,3,21,0,1,0,3
912,913,3,23,0,0,0,3
913,914,3,22,0,0,0,3
914,915,3,4,1,1,1,1
915,916,3,39,0,0,0,4
916,917,3,0,0,0,0,1
917,918,3,20,0,0,0,3
918,919,3,0,0,0,0,1
919,920,3,0,0,0,0,1
920,921,3,21,1,1,1,3
921,922,3,44,0,0,0,5
922,923,3,42,0,0,0,5
923,924,3,21,1,1,1,3
924,925,3,24,0,0,0,3
925,926,3,0,0,0,0,1
926,927,3,0,1,0,1,1
927,928,3,0,0,0,0,1
928,929,3,25,0,0,0,3
929,930,3,22,0,0,0,3
930,931,3,22,0,0,0,3
931,932,3,39,0,1,0,4
932,933,3,26,1,0,1,3
933,934,3,4,1,1,1,1
934,935,3,22,1,0,1,3
935,936,3,26,0,0,0,3
936,937,3,1,1,0,1,1
937,938,3,36,1,0,1,4
938,939,3,18,0,0,0,2
939,940,3,0,0,0,0,1
940,941,3,25,0,1,0,3
941,942,3,0,0,0,0,1
942,943,3,37,1,0,1,4
943,944,3,0,0,0,0,1
944,945,3,0,0,1,0,1
945,946,3,0,0,0,0,1
946,947,3,22,1,1,1,3
947,948,3,20,0,0,0,3
948,949,3,26,0,1,0,3
949,950,3,29,0,0,0,3
950,951,3,29,0,0,0,3
951,952,3,22,0,0,0,3
952,953,3,0,0,1,0,1
953,954,3,0,1,0,1,1
954,955,3,0,0,0,0,1
955,956,3,0,1,0,1,1
956,957,3,0,1,0,1,1
957,958,3,0,1,0,1,1
958,959,3,32,0,0,0,4
959,960,3,0,0,0,0,1
960,961,3,21,0,0,0,3
961,962,3,21,1,0,1,3
962,963,3,36,0,0,0,4
963,964,3,39,0,0,0,4
964,965,3,25,1,0,1,3
965,966,3,45,1,0,1,5
966,967,3,36,0,0,0,4
967,968,3,30,1,0,1,4
968,969,3,20,0,1,0,3
969,970,3,0,0,0,0,1
970,971,3,0,0,0,0,1
971,972,3,0,0,0,0,1
972,973,3,0,0,0,0,1
973,974,3,0,1,0,1,1
974,975,3,0,0,0,0,1
975,976,3,0,0,0,0,1
976,977,3,0,0,1,0,1
977,978,3,0,0,0,0,1
978,979,3,0,1,1,1,1
979,980,3,0,0,0,0,1
980,981,3,0,0,0,0,1
981,982,3,0,0,0,0,1
982,983,3,0,1,1,1,1
983,984,3,0,0,0,0,1
984,985,3,0,0,0,0,1
985,986,3,0,1,0,1,1
986,987,3,0,0,0,0,1
987,988,3,0,0,0,0,1
988,989,3,0,0,1,0,1
989,990,3,0,1,0,1,1
990,991,3,0,1,1,1,1
991,992,3,0,0,0,0,1
992,993,3,0,0,0,0,1
993,994,3,0,0,0,0,1
994,995,3,0,0,0,0,1
995,996,3,0,0,0,0,1
996,997,3,0,1,1,1,1
997,998,3,0,0,0,0,1
998,999,3,0,1,1,1,1
999,1000,3,0,0,0,0,1
1000,1001,3,0,1,0,1,1
1001,1002,3,0,1,0,1,1
1002,1003,3,0,0,0,0,1
1003,1004,3,0,1,0,1,1
1004,1005,3,0,0,0,0,1
1005,1006,3,0,1,1,1,1
1006,1007,3,0,1,0,1,1
1007,1008,3,0,1,0,1,1
1008,1009,3,0,0,0,0,1
1009,1010,3,0,0,0,0,1
1010,1011,3,0,1,0,1,1
1011,1012,3,0,1,0,1,1
1012,1013,3,0,0,0,0,1
1013,1014,3,0,1,0,1,1
1014,1015,3,23,1,0,1,3
1015,1016,3,0,0,0,0,1
1016,1017,3,0,0,1,0,1
1017,1018,3,0,0,0,0,1
1018,1019,3,0,0,0,0,1
1019,1020,3,0,0,0,0,1
1020,1021,3,0,0,0,0,1
1021,1022,3,0,0,0,0,1
1022,1023,3,0,0,0,0,1
1023,1024,3,0,1,1,1,1
1024,1025,3,0,0,0,0,1
1025,1026,3,0,1,1,1,1
1026,1027,3,0,0,0,0,1
1027,1028,3,0,0,0,0,1
1028,1029,3,0,1,1,1,1
1029,1030,3,0,0,0,0,1
1030,1031,3,0,0,0,0,1
1031,1032,3,0,0,0,0,1
1032,1033,3,0,0,0,0,1
1033,1034,3,0,0,1,0,1
1034,1035,3,0,1,0,1,1
1035,1036,3,0,0,0,0,1
1036,1037,3,0,0,0,0,1
1037,1038,3,0,0,0,0,1
1038,1039,3,0,1,0,1,1
1039,1040,3,0,0,0,0,1
1040,1041,3,0,1,1,1,1
1041,1042,3,0,1,0,1,1
1042,1043,3,0,0,0,0,1
1043,1044,3,0,1,0,1,1
1044,1045,3,0,1,0,1,1
1045,1046,3,0,1,0,1,1
1046,1047,3,0,0,0,0,1
1047,1048,3,0,1,1,1,1
1048,1049,3,0,0,0,0,1
1049,1050,3,0,1,0,1,1
1050,1051,3,0,0,0,0,1
1051,1052,3,0,0,0,0,1
1052,1053,3,0,0,0,0,1
1053,1054,3,0,0,0,0,1
1054,1055,3,0,0,0,0,1
1055,1056,3,0,1,1,1,1
1056,1057,3,0,0,0,0,1
1057,1058,3,0,0,0,0,1
1058,1059,3,0,0,0,0,1
1059,1060,3,0,0,0,0,1
1060,1061,3,0,1,0,1,1
1061,1062,3,0,0,0,0,1
1062,1063,3,0,0,0,0,1
1063,1064,3,0,1,1,1,1
1064,1065,3,0,0,0,0,1
1065,1066,3,0,1,0,1,1
1066,1067,3,0,0,0,0,1
1067,1068,3,0,0,0,0,1
1068,1069,3,0,1,1,1,1
1069,1070,3,0,1,0,1,1
1070,1071,3,0,0,0,0,1
1071,1072,3,0,0,0,0,1
1072,1073,3,0,0,1,0,1
1073,1074,3,0,1,0,1,1
1074,1075,3,0,0,0,0,1
1075,1076,3,0,0,0,0,1
1076,1077,3,0,0,0,0,1
1077,1078,3,0,1,1,1,1
1078,1079,3,0,0,0,0,1
1079,1080,3,0,0,0,0,1
1080,1081,3,0,0,0,0,1
1081,1082,3,0,0,1,0,1
1082,1083,3,0,1,0,1,1
1083,1084,3,0,1,0,1,1
1084,1085,3,0,0,0,0,1
1085,1086,3,0,1,0,1,1
1086,1087,3,0,0,0,0,1
1087,1088,3,0,0,0,0,1
1088,1089,3,0,0,0,0,1
1089,1090,3,0,0,0,0,1
1090,1091,3,0,1,0,1,1
1091,1092,3,0,0,0,0,1
1092,1093,3,0,0,1,0,1
1093,1094,3,0,1,0,1,1
1094,1095,3,0,0,0,0,1
1095,1096,3,0,0,0,0,1
1096,1097,3,0,0,0,0,1
1097,1098,3,0,0,0,0,1
1098,1099,3,0,1,1,1,1
1099,1100,3,0,1,0,1,1
1100,1101,3,0,0,0,0,1
1101,1102,3,0,0,0,0,1
1102,1103,3,0,0,0,0,1
1103,1104,3,0,1,0,1,1
1104,1105,3,0,0,0,0,1
1105,1106,3,0,0,0,0,1
1106,1107,3,0,0,0,0,1
1107,1108,3,0,0,0,0,1
1108,1109,3,0,0,0,0,1
1109,1110,3,0,1,0,1,1
1110,1111,3,0,0,0,0,1
1111,1112,3,0,1,0,1,1
1112,1113,3,0,1,0,1,1
1113,1114,3,0,0,0,0,1
1114,1115,3,0,0,0,0,1
1115,1116,3,0,1,0,1,1
1116,1117,3,0,1,0,1,1
1117,1118,3,0,0,0,0,1
1118,1119,3,0,0,0,0,1
1119,1120,3,0,0,0,0,1
1120,1121,3,0,0,0,0,1
1121,1122,3,0,0,0,0,1
1122,1123,3,0,0,1,0,1
1123,1124,3,0,0,0,0,1
1124,1125,3,0,0,0,0,1
1125,1126,3,0,0,1,0,1
1126,1127,3,0,1,0,1,1
1127,1128,3,0,1,0,1,1
1128,1129,3,0,0,0,0,1
1129,1130,3,0,1,0,1,1
1130,1131,3,0,0,0,0,1
1131,1132,3,0,1,0,1,1
1132,1133,3,0,0,0,0,1
1133,1134,3,0,0,0,0,1
1134,1135,3,0,1,0,1,1
1135,1136,3,0,0,0,0,1
1136,1137,3,0,0,1,0,1
1137,1138,3,0,0,0,0,1
1138,1139,3,0,0,0,0,1
1139,1140,3,0,0,0,0,1
1140,1141,3,0,0,0,0,1
1141,1142,3,0,0,0,0,1
1142,1143,3,0,0,0,0,1
1143,1144,3,0,0,0,0,1
1144,1145,3,0,0,0,0,1
1145,1146,3,0,0,0,0,1
1146,1147,3,0,0,0,0,1
1147,1148,3,0,0,0,0,1
1148,1149,3,0,1,0,1,1
1149,1150,3,0,1,0,1,1
1150,1151,3,0,0,0,0,1
1151,1152,3,0,1,1,1,1
1152,1153,3,0,0,0,0,1
1153,1154,3,0,1,0,1,1
1154,1155,3,0,0,0,0,1
1155,1156,3,0,1,0,1,1
1156,1157,3,0,0,0,0,1
1157,1158,3,0,0,0,0,1
1158,1159,3,0,1,0,1,1
1159,1160,3,0,1,0,1,1
1160,1161,3,0,0,0,0,1
1161,1162,3,0,1,1,1,1
1162,1163,3,0,0,0,0,1
1163,1164,3,0,0,0,0,1
1164,1165,3,0,0,1,0,1
1165,1166,3,0,0,0,0,1
1166,1167,3,0,0,0,0,1
1167,1168,3,0,0,1,0,1
1168,1169,3,0,0,0,0,1
1169,1170,3,0,0,0,0,1
1170,1171,3,0,1,0,1,1
1171,1172,3,0,1,0,1,1
1172,1173,3,0,1,0,1,1
1173,1174,3,0,0,0,0,1
1174,1175,3,0,0,0,0,1
1175,1176,3,0,0,0,0,1
1176,1177,3,0,0,0,0,1
1177,1178,3,0,1,0,1,1
1178,1179,3,0,1,0,1,1
1179,1180,3,0,0,0,0,1
1180,1181,3,0,0,0,0,1
1181,1182,3,21,0,0,0,3
1182,1183,3,0,1,1,1,1
1183,1184,3,0,0,0,0,1
1184,1185,3,0,0,0,0,1
1185,1186,3,0,0,0,0,1
1186,1187,3,0,0,0,0,1
1187,1188,3,0,1,1,1,1
1188,1189,3,1,1,0,1,1
1189,1190,3,0,1,0,1,1
1190,1191,3,0,0,0,0,1
1191,1192,3,0,0,0,0,1
1192,1193,3,0,0,0,0,1
1193,1194,3,0,0,0,0,1
1194,1195,3,0,0,0,0,1
1195,1196,3,0,0,0,0,1
1196,1197,3,0,0,0,0,1
1197,1198,3,0,0,0,0,1
1198,1199,3,0,0,0,0,1
1199,1200,3,0,0,1,0,1
1200,1201,3,0,0,0,0,1
1201,1202,3,0,1,1,1,1
1202,1203,3,0,0,0,0,1
1203,1204,3,0,0,0,0,1
1204,1205,3,0,0,0,0,1
1205,1206,3,0,0,0,0,1
1206,1207,3,0,0,0,0,1
1207,1208,3,0,1,1,1,1
1208,1209,3,0,0,0,0,1
1209,1210,3,0,0,0,0,1
1210,1211,3,0,0,0,0,1
1211,1212,3,0,0,0,0,1
1212,1213,3,0,1,0,1,1
1213,1214,3,0,1,0,1,1
1214,1215,3,0,0,0,0,1
1215,1216,3,0,1,0,1,1
1216,1217,3,0,0,0,0,1
1217,1218,3,0,0,0,0,1
1218,1219,3,0,0,0,0,1
1219,1220,3,0,1,1,1,1
1220,1221,3,0,1,0,1,1
1221,1222,3,0,0,0,0,1
1222,1223,3,0,0,1,0,1
1223,1224,3,0,0,0,0,1
1224,1225,3,0,0,0,0,1
1225,1226,3,0,0,0,0,1
1226,1227,3,0,1,1,1,1
1227,1228,3,0,0,0,0,1
1228,1229,3,0,0,0,0,1
1229,1230,3,0,0,0,0,1
1230,1231,3,0,1,0,1,1
1231,1232,3,0,0,1,0,1
1232,1233,3,0,0,0,0,1
1233,1234,3,0,1,0,1,1
1234,1235,3,0,1,0,1,1
1235,1236,3,0,0,1,0,1
1236,1237,3,0,0,0,0,1
1237,1238,3,0,0,0,0,1
1238,1239,3,0,0,0,0,1
1239,1240,3,0,0,1,0,1
1240,1241,3,0,0,0,0,1
1241,1242,3,0,0,0,0,1
1242,1243,3,0,0,1,0,1
1243,1244,3,0,0,0,0,1
1244,1245,3,0,1,1,1,1
1245,1246,3,0,0,0,0,1
1246,1247,3,0,0,0,0,1
1247,1248,3,0,0,0,0,1
1248,1249,3,0,0,0,0,1
1249,1250,3,0,0,0,0,1
1250,1251,3,0,0,0,0,1
1251,1252,3,0,1,1,1,1
1252,1253,3,0,0,0,0,1
1253,1254,3,0,0,0,0,1
1254,1255,3,0,0,0,0,1
1255,1256,3,0,0,0,0,1
1256,1257,3,0,0,0,0,1
1257,1258,3,0,0,0,0,1
1258,1259,3,25,0,1,0,3
1259,1260,3,0,1,0,1,1
1260,1261,3,0,0,0,0,1
1261,1262,3,0,1,0,1,1
1262,1263,3,0,0,0,0,1
1263,1264,3,18,1,1,1,2
1264,1265,3,63,1,1,1,7
1265,1266,3,0,0,0,0,1
1266,1267,3,0,0,0,0,1
1267,1268,3,0,0,0,0,1
1268,1269,3,0,0,0,0,1
1269,1270,3,18,1,0,1,2
1270,1271,3,31,0,0,0,4
1271,1272,3,31,1,0,1,4
1272,1273,3,15,0,0,0,2
1273,1274,3,28,0,0,0,3
1274,1275,3,36,0,0,0,4
1275,1276,3,28,0,0,0,3
1276,1277,3,10,1,0,1,2
1277,1278,3,36,0,0,0,4
1278,1279,3,30,1,0,1,4
1279,1280,3,22,0,1,0,3
1280,1281,3,0,0,0,0,1
1281,1282,3,29,0,0,0,3
1282,1283,3,47,0,0,0,5
1283,1284,3,14,1,0,1,2
1284,1285,3,22,0,0,0,3
1285,1286,3,0,0,0,0,1
1286,1287,3,0,0,0,0,1
1287,1288,3,0,0,0,0,1
1288,1289,3,0,0,0,0,1
1289,1290,3,0,0,1,0,1
1290,1291,3,0,0,0,0,1
1291,1292,3,51,0,0,0,6
1292,1293,3,18,0,0,0,2
1293,1294,3,45,1,1,1,5
1294,1295,3,0,0,0,0,1
1295,1296,3,0,0,0,0,1
1296,1297,3,0,0,0,0,1
1297,1298,3,28,0,0,0,3
1298,1299,3,21,0,0,0,3
1299,1300,3,27,0,0,0,3
1300,1301,3,0,0,0,0,1
1301,1302,3,36,0,0,0,4
1302,1303,3,0,0,1,0,1
1303,1304,3,27,0,0,0,3
1304,1305,3,15,1,1,1,2
1305,1306,3,0,0,0,0,1
1306,1307,3,0,1,0,1,1
1307,1308,3,0,1,0,1,1
1308,1309,3,27,0,0,0,3
1309,1310,3,26,0,0,0,3
1310,1311,3,22,0,0,0,3
1311,1312,3,24,0,0,0,3
1312,1313,3,29,0,0,0,3
